\c APP_DB

CREATE TYPE FINANCIAL AS (CASH NUMERIC(20,4));

CREATE TABLE IF NOT EXISTS ASSET_TYPE (
    id INTEGER GENERATED BY DEFAULT AS IDENTITY PRIMARY KEY,
    code VARCHAR(20) NOT NULL UNIQUE,
    name VARCHAR(50) NOT NULL UNIQUE
);
INSERT INTO ASSET_TYPE (code, name) VALUES
('STOCK', 'Stock'),
('BOND', 'Bond'),
('ETF', 'ETF'),
('REAL_ESTATE', 'Real Estate'),
('COMMODITY', 'Commodity'),
('FUND', 'Fund'),
('CASH', 'Cash'),
('OTHER', 'Other');

CREATE TABLE IF NOT EXISTS LOG (
    id INTEGER GENERATED BY DEFAULT AS IDENTITY PRIMARY KEY,
    timestamp TIMESTAMP NOT NULL DEFAULT CURRENT_TIMESTAMP,
    type VARCHAR(10) NOT NULL,
    message TEXT NOT NULL
);

CREATE TABLE IF NOT EXISTS TAX_RATE (
    id INTEGER GENERATED BY DEFAULT AS IDENTITY PRIMARY KEY,
    name VARCHAR(50) NOT NULL UNIQUE,
    rate NUMERIC(5,2) NOT NULL DEFAULT 0.00
);
INSERT INTO TAX_RATE (name, rate) VALUES
('Standard', 19.00),
('Zero', 0.00);

CREATE TABLE IF NOT EXISTS PORTFOLIO (
    id INTEGER GENERATED BY DEFAULT AS IDENTITY PRIMARY KEY,
    name VARCHAR(100) NOT NULL,
    taxable BOOLEAN NOT NULL DEFAULT TRUE,
    tax_rate_id INTEGER NOT NULL,
    constraint fk_tax_rate FOREIGN KEY (tax_rate_id) REFERENCES TAX_RATE(id) ON DELETE CASCADE
);

INSERT INTO PORTFOLIO (name, taxable, tax_rate_id) VALUES
('General', TRUE, 1),
('IKE', FALSE, 2),
('IKZE', FALSE, 2),
('Brokerage', TRUE, 1),
('PPK', TRUE, 1);

CREATE TABLE IF NOT EXISTS ACCOUNT_TYPE (
    id INTEGER GENERATED BY DEFAULT AS IDENTITY PRIMARY KEY,
    name VARCHAR(100) NOT NULL,
    currency VARCHAR(3) NOT NULL
);

INSERT INTO ACCOUNT_TYPE (name, currency) VALUES
('Cash', 'PLN'),
('Cash', 'USD'),
('Cash', 'EUR'),
('Bond', 'PLN'),
('Stock', 'PLN'),
('ETF', 'PLN'),
('Real Estate', 'PLN'),
('Commodity', 'PLN'),
('Counterparty', 'PLN'),
('Dividend', 'PLN'),
('Fee', 'PLN'),
('Interest', 'PLN'),
('Tax', 'PLN'),
('Tax Return', 'PLN'),
('P&L', 'PLN'),
('P&L', 'EUR'),
('P&L', 'USD')
;

CREATE TABLE IF NOT EXISTS ACCOUNT (
    id INTEGER GENERATED BY DEFAULT AS IDENTITY PRIMARY KEY,
    account_id INTEGER NOT NULL,
    portfolio_id INTEGER NOT NULL,
    constraint fk_account_type FOREIGN KEY (account_id) REFERENCES ACCOUNT_TYPE(id) ON DELETE CASCADE,
    constraint fk_portfolio FOREIGN KEY (portfolio_id) REFERENCES PORTFOLIO(id) ON DELETE CASCADE
);

INSERT INTO ACCOUNT (account_id, portfolio_id)
SELECT a.id as account_id, p.id as portfolio_id FROM ACCOUNT_TYPE a CROSS JOIN PORTFOLIO p
WHERE a.name != 'Tax' and p.taxable = FALSE
UNION ALL
SELECT a.id as account_id, p.id as portfolio_id FROM ACCOUNT_TYPE a CROSS JOIN PORTFOLIO p
WHERE a.name != 'Tax Return' and p.taxable = TRUE;

CREATE TABLE IF NOT EXISTS STG_ASSET_DATA (
    id INTEGER GENERATED BY DEFAULT AS IDENTITY PRIMARY KEY,
    name VARCHAR(100) NOT NULL,
    isin VARCHAR(20),
    ticker varchar(20),
    asset_type_code VARCHAR(20) NOT NULL,
    date DATE NOT NULL,
    price NUMERIC(20,4) NOT NULL,
    currency VARCHAR(3) NOT NULL
);

CREATE TABLE IF NOT EXISTS STG_TRANSACTION_DATA (
    id INTEGER GENERATED BY DEFAULT AS IDENTITY PRIMARY KEY,
    timestamp TIMESTAMP NOT NULL DEFAULT CURRENT_TIMESTAMP,
 --   asset_isin VARCHAR(20),
    asset_name VARCHAR(100) NOT NULL,
    ticker VARCHAR(20),
    transaction_type_code VARCHAR(3) NOT NULL,
    quantity INTEGER NOT NULL,
    currency VARCHAR(3) NOT NULL,
    price NUMERIC(20,4) NOT NULL,
    total_amount NUMERIC(20,2) NOT NULL,
    fee NUMERIC(20,2) NOT NULL DEFAULT 0,
    total_with_fee NUMERIC(20,2) NOT NULL,
    tax_amount NUMERIC(20,2) NOT NULL DEFAULT 0,
    portfolio_name VARCHAR(100) NOT NULL
);

CREATE TABLE IF NOT EXISTS TRANSACTION_TYPE (
    id INTEGER GENERATED BY DEFAULT AS IDENTITY PRIMARY KEY,
    code VARCHAR(3) NOT NULL UNIQUE,
    name VARCHAR(50) NOT NULL UNIQUE
);

INSERT INTO TRANSACTION_TYPE (code, name) VALUES
('BUY', 'Buy'),
('SEL', 'Sell'),
('DIV', 'Dividend'),
('INT', 'Interest'),
('FEE', 'Fee'),
('TAX', 'Tax'),
('TRT', 'Tax Return'),
('TRF', 'Transfer');


CREATE TABLE IF NOT EXISTS ASSET (
    id INTEGER GENERATED BY DEFAULT AS IDENTITY PRIMARY KEY,
    name VARCHAR(100) NOT NULL,
    isin VARCHAR(20),
    ticker VARCHAR(20),
    asset_type_id INTEGER NOT NULL,
    currency VARCHAR(3),
    constraint fk_asset_type FOREIGN KEY (asset_type_id) REFERENCES ASSET_TYPE(id) ON DELETE CASCADE,
    constraint unique_asset UNIQUE (name, isin, ticker)
);

INSERT INTO ASSET (name, asset_type_id, currency)
VALUES
('Cash', 7, 'PLN'),
('Cash', 7, 'EUR'),
('Cash', 7, 'USD')
;

CREATE TABLE IF NOT EXISTS ASSET_VALUATION (
    id INTEGER GENERATED BY DEFAULT AS IDENTITY PRIMARY KEY,
    asset_id INTEGER NOT NULL,
    date DATE NOT NULL,
    currency VARCHAR(3) NOT NULL,
    quantity NUMERIC(20,4) NOT NULL,
    constraint fk_asset FOREIGN KEY (asset_id) REFERENCES ASSET(id) ON DELETE CASCADE
);

CREATE TABLE IF NOT EXISTS TRANSACTION (
    id INTEGER GENERATED BY DEFAULT AS IDENTITY PRIMARY KEY,
    date DATE NOT NULL,
    description TEXT NOT NULL,
    transaction_type_id INTEGER NOT NULL,
    asset_id INTEGER NOT NULL,
    quantity INTEGER NOT NULL,
    currency VARCHAR(3) NOT NULL,
    price NUMERIC(20,4) NOT NULL,
    total_amount NUMERIC(20,2) NOT NULL DEFAULT 0,
    fee NUMERIC(20,2) NOT NULL DEFAULT 0,
    tax_amount NUMERIC(20,2) NOT NULL DEFAULT 0,
    portfolio_id INTEGER NOT NULL,
    constraint fk_portfolio FOREIGN KEY (portfolio_id) REFERENCES PORTFOLIO(id) ON DELETE CASCADE,
    constraint fk_asset FOREIGN KEY (asset_id) REFERENCES ASSET(id) ON DELETE CASCADE,
    constraint fk_transaction_type FOREIGN KEY (transaction_type_id) REFERENCES TRANSACTION_TYPE(id) ON DELETE CASCADE
);

CREATE TABLE IF NOT EXISTS BOOKING (
    id INTEGER GENERATED BY DEFAULT AS IDENTITY PRIMARY KEY,
    date DATE NOT NULL,
    transaction_id INTEGER NOT NULL,
    debit_account_id INTEGER NOT NULL,
    credit_account_id INTEGER NOT NULL,
    currency VARCHAR(3) NOT NULL,
    amount NUMERIC(20,2) NOT NULL,
    constraint fk_transaction FOREIGN KEY (transaction_id) REFERENCES TRANSACTION(id) ON DELETE CASCADE,
    constraint fk_debit_account FOREIGN KEY (debit_account_id) REFERENCES ACCOUNT(id) ON DELETE CASCADE,
    constraint fk_credit_account FOREIGN KEY (credit_account_id) REFERENCES ACCOUNT(id) ON DELETE CASCADE
);

CREATE TABLE IF NOT EXISTS PORTFOLIO_VALUATION (
    id INTEGER GENERATED BY DEFAULT AS IDENTITY PRIMARY KEY,
    portfolio_id INTEGER NOT NULL,
    date DATE NOT NULL,
    currency VARCHAR(3) NOT NULL,
    total_value NUMERIC(20,2) NOT NULL,
    constraint fk_portfolio FOREIGN KEY (portfolio_id) REFERENCES PORTFOLIO(id) ON DELETE CASCADE
);

CREATE TABLE IF NOT EXISTS POSITION (
    id INTEGER GENERATED BY DEFAULT AS IDENTITY PRIMARY KEY,
    portfolio_id INTEGER NOT NULL,
    asset_id INTEGER NOT NULL,
    currency VARCHAR(3) NOT NULL,
    quantity INTEGER NOT NULL,
    average_price NUMERIC(20,4) NOT NULL,
    fee NUMERIC(20,4),
    total_amount NUMERIC(20,4),
    constraint fk_portfolio FOREIGN KEY (portfolio_id) REFERENCES PORTFOLIO(id) ON DELETE CASCADE,
    constraint fk_asset FOREIGN KEY (asset_id) REFERENCES ASSET(id) ON DELETE CASCADE,
    constraint unique_position UNIQUE (portfolio_id, asset_id)
);

CREATE TABLE IF NOT EXISTS TAX_LOT (
    id INTEGER GENERATED BY DEFAULT AS IDENTITY PRIMARY KEY,
    position_id INTEGER NOT NULL,
    date DATE NOT NULL,
    currency VARCHAR(3) NOT NULL,
    quantity INTEGER NOT NULL,
    tax_base_amount NUMERIC(20,4) NOT NULL,
    constraint fk_position FOREIGN KEY (position_id) REFERENCES POSITION(id) ON DELETE CASCADE
);

CREATE TABLE IF NOT EXISTS CFG_BOOKING_MATRIX (
    transaction_type_code VARCHAR(3),
    asset_type_code VARCHAR(20),
    debit_account VARCHAR(100),
    credit_account VARCHAR(100)
);

INSERT INTO CFG_BOOKING_MATRIX (transaction_type_code, asset_type_code, debit_account, credit_account)
VALUES
('BUY', 'STOCK', 'Stock', 'Cash'),
('BUY', 'STOCK', 'Fee', 'Cash'),
('SEL', 'STOCK', 'Cash', 'Stock'),
('SEL', 'STOCK', 'Fee', 'Cash'),
('SEL', 'STOCK', 'Tax', 'Cash'),
('SEL', 'STOCK', 'P&L', 'Stock'),
('DIV', 'STOCK', 'Dividend', 'Counterparty'),
('DIV', 'STOCK', 'Cash', 'Dividend'),
('DIV', 'STOCK', 'Tax', 'Cash'),
('TRF', 'CASH', 'Cash', 'Counterparty'),
('TRF', 'CASH', 'Counterparty', 'Cash'),
('TRT', 'CASH', 'Cash', 'Counterparty'),
('TAX', 'CASH', 'Counterparty', 'Cash'),
('BUY', 'BOND', 'Bond', 'Cash'),
('BUY', 'BOND', 'Fee', 'Cash'),
('SEL', 'BOND', 'Cash', 'Bond'),
('SEL', 'BOND', 'Fee', 'Cash'),
('SEL', 'BOND', 'Tax', 'Cash'),
('SEL', 'BOND', 'P&L', 'Bond'),
('INT', 'BOND', 'Interest', 'Counterparty'),
('INT', 'BOND', 'Cash', 'Interest'),
('INT', 'BOND', 'Tax', 'Cash'),
('BUY', 'ETF', 'ETF', 'Cash'),
('BUY', 'ETF', 'Fee', 'Cash'),
('SEL', 'ETF', 'Cash', 'ETF'),
('SEL', 'ETF', 'Fee', 'Cash'),
('SEL', 'ETF', 'Tax', 'Cash'),
('SEL', 'ETF', 'P&L', 'ETF'),
('DIV', 'ETF', 'Dividend', 'Counterparty'),
('DIV', 'ETF', 'Cash', 'Dividend'),
('DIV', 'ETF', 'Tax', 'Cash'),
('BUY', 'FUND', 'Fund', 'Cash'),
('BUY', 'FUND', 'Fee', 'Cash'),
('SEL', 'FUND', 'Cash', 'Fund'),
('SEL', 'FUND', 'Fee', 'Cash'),
('SEL', 'FUND', 'Tax', 'Cash'),
('SEL', 'FUND', 'P&L', 'Fund'),
('DIV', 'FUND', 'Dividend', 'Counterparty'),
('DIV', 'FUND', 'Cash', 'Dividend'),
('DIV', 'FUND', 'Tax', 'Cash'),
('BUY', 'REAL_ESTATE', 'Real Estate', 'Cash'),
('BUY', 'REAL_ESTATE', 'Fee', 'Cash'),
('SEL', 'REAL_ESTATE', 'Cash', 'Real Estate'),
('SEL', 'REAL_ESTATE', 'Fee', 'Cash'),
('SEL', 'REAL_ESTATE', 'Tax', 'Cash'),
('SEL', 'REAL_ESTATE', 'P&L', 'Real Estate'),
('BUY', 'COMMODITY', 'Commodity', 'Cash'),
('BUY', 'COMMODITY', 'Fee', 'Cash'),
('SEL', 'COMMODITY', 'Cash', 'Commodity'),
('SEL', 'COMMODITY', 'Fee', 'Cash'),
('SEL', 'COMMODITY', 'Tax', 'Cash'),
('SEL', 'COMMODITY', 'P&L', 'Commodity')
;